{"stats":{"minecraft:killed":{"born_in_chaos_v1:zombie_clown":1,"minecraft:sheep":3,"minecraft:zombie":2},"minecraft:custom":{"minecraft:interact_with_furnace":6,"minecraft:mob_kills":6,"minecraft:interact_with_crafting_table":15,"minecraft:open_barrel":4,"minecraft:interact_with_stonecutter":2,"minecraft:leave_game":1,"minecraft:time_since_death":22825,"minecraft:sleep_in_bed":2,"minecraft:time_since_rest":3891,"minecraft:sprint_one_cm":34443,"minecraft:damage_taken":707,"minecraft:walk_one_cm":168455,"minecraft:minecart_one_cm":50,"minecraft:damage_dealt":1417,"minecraft:fly_one_cm":26957,"minecraft:open_chest":6,"minecraft:crouch_one_cm":82,"minecraft:play_time":45988,"tombstone:undead_killed":3,"minecraft:deaths":2,"minecraft:sneak_time":269,"minecraft:jump":346,"minecraft:total_world_time":47350,"minecraft:fall_one_cm":5512},"minecraft:picked_up":{"born_in_chaos_v1:fused_bone":2,"minecraft:pink_petals":193,"minecraft:dirt":245,"born_in_chaos_v1:intoxicating_decoction":2,"minecraft:wheat_seeds":4,"born_in_chaos_v1:stimulating_decoction":2,"minecraft:egg":1,"minecraft:stick":24,"minecraft:raw_iron":16,"minecraft:torch":3,"pointblank:gunmetal_nugget":11,"minecraft:cherry_log":61,"tombstone:grave_dust":2,"minecraft:pointed_dripstone":3,"minecraft:rotten_flesh":9,"minecraft:cherry_wood":1,"minecraft:hay_block":6,"minecraft:cherry_sapling":42,"minecraft:mutton":4,"minecraft:coal":55,"minecraft:cobblestone":109,"minecraft:white_wool":3},"minecraft:mined":{"minecraft:cherry_log":62,"minecraft:grass_block":115,"minecraft:tall_grass":1,"minecraft:cherry_wood":1,"minecraft:pink_petals":9,"minecraft:hay_block":6,"minecraft:grass":8,"minecraft:pointed_dripstone":1,"minecraft:coal_ore":1,"minecraft:dirt":108,"minecraft:stone":107},"minecraft:used":{"minecraft:cherry_sapling":23,"minecraft:cherry_wood":43,"minecraft:stone_sword":32,"minecraft:iron_shovel":92,"minecraft:stone_shovel":137,"minecraft:stone_pickaxe":60,"minecraft:chest":2,"minecraft:wooden_pickaxe":4,"minecraft:torch":9,"minecraft:dirt":9,"minecraft:crafting_table":1,"minecraft:white_bed":1,"minecraft:bread":4,"sawmill:sawmill":1,"minecraft:iron_pickaxe":57,"minecraft:stone_axe":59,"minecraft:furnace":1},"minecraft:crafted":{"minecraft:cherry_planks":44,"minecraft:stone_shovel":1,"minecraft:crafting_table":1,"minecraft:cherry_slab":6,"minecraft:wooden_pickaxe":1,"minecraft:furnace":1,"minecraft:stone_axe":1,"minecraft:bread":18,"minecraft:air":0,"minecraft:stick":20,"minecraft:iron_ingot":16,"minecraft:iron_pickaxe":1,"minecraft:stone_pickaxe":1,"minecraft:stone_sword":1,"minecraft:chest":2,"minecraft:iron_shovel":1,"minecraft:white_bed":1,"minecraft:torch":36,"minecraft:cherry_fence":3,"sawmill:sawmill":1,"minecraft:wheat":54},"minecraft:broken":{"minecraft:stone_pickaxe":1,"minecraft:stone_shovel":1}},"DataVersion":3465}