{"stats":{"minecraft:killed":{"born_in_chaos_v1:zombie_clown":1,"minecraft:sheep":3,"minecraft:zombie":2},"minecraft:custom":{"minecraft:interact_with_furnace":9,"minecraft:mob_kills":6,"minecraft:interact_with_crafting_table":16,"minecraft:open_barrel":4,"minecraft:interact_with_stonecutter":5,"minecraft:leave_game":2,"minecraft:time_since_death":2327,"minecraft:sleep_in_bed":4,"minecraft:time_since_rest":0,"minecraft:sprint_one_cm":50113,"minecraft:damage_taken":2417,"minecraft:walk_one_cm":275129,"minecraft:minecart_one_cm":50,"minecraft:damage_dealt":1417,"minecraft:fly_one_cm":40397,"minecraft:open_chest":7,"minecraft:crouch_one_cm":115,"minecraft:play_time":68308,"tombstone:undead_killed":3,"minecraft:deaths":6,"minecraft:sneak_time":595,"minecraft:jump":552,"minecraft:total_world_time":69670,"minecraft:fall_one_cm":9242},"minecraft:picked_up":{"born_in_chaos_v1:fused_bone":2,"minecraft:pink_petals":195,"minecraft:dirt":262,"born_in_chaos_v1:intoxicating_decoction":2,"minecraft:bone":1,"minecraft:wheat_seeds":6,"born_in_chaos_v1:stimulating_decoction":2,"minecraft:egg":1,"minecraft:stick":117,"minecraft:raw_iron":16,"minecraft:torch":4,"pointblank:gunmetal_nugget":11,"minecraft:cherry_log":305,"tombstone:grave_dust":2,"minecraft:pointed_dripstone":3,"minecraft:white_bed":1,"minecraft:rotten_flesh":9,"minecraft:cherry_wood":6,"minecraft:hay_block":6,"minecraft:cherry_sapling":181,"minecraft:mutton":4,"minecraft:coal":55,"minecraft:cobblestone":109,"minecraft:white_wool":3},"minecraft:mined":{"minecraft:white_bed":1,"minecraft:cherry_log":319,"twilightforest:hollow_cherry_log_vertical":1,"minecraft:grass_block":123,"minecraft:tall_grass":1,"minecraft:cherry_wood":6,"minecraft:wall_torch":1,"minecraft:pink_petals":9,"minecraft:hay_block":6,"minecraft:grass":8,"minecraft:pointed_dripstone":1,"minecraft:coal_ore":1,"minecraft:dirt":117,"twilightforest:hollow_cherry_log_horizontal":2,"minecraft:stone":107},"minecraft:used":{"minecraft:cherry_sapling":124,"twilightforest:hollow_cherry_log":3,"minecraft:cherry_wood":250,"minecraft:stone_sword":32,"minecraft:iron_shovel":107,"minecraft:stone_shovel":137,"minecraft:stone_pickaxe":60,"minecraft:chest":2,"minecraft:wooden_pickaxe":4,"minecraft:torch":9,"minecraft:dirt":11,"minecraft:crafting_table":1,"minecraft:white_bed":2,"minecraft:iron_axe":197,"minecraft:bread":6,"sawmill:sawmill":1,"minecraft:iron_pickaxe":57,"minecraft:stone_axe":141,"minecraft:furnace":1,"minecraft:cherry_log":3},"minecraft:crafted":{"minecraft:cherry_planks":44,"minecraft:stone_shovel":1,"minecraft:crafting_table":1,"minecraft:cherry_slab":6,"minecraft:wooden_pickaxe":1,"minecraft:furnace":1,"minecraft:stone_axe":1,"minecraft:bread":18,"minecraft:air":0,"minecraft:iron_axe":1,"minecraft:stick":20,"minecraft:iron_ingot":16,"minecraft:iron_pickaxe":1,"minecraft:stone_pickaxe":1,"minecraft:stone_sword":1,"minecraft:chest":2,"minecraft:iron_shovel":1,"minecraft:white_bed":1,"minecraft:torch":36,"minecraft:cherry_fence":3,"sawmill:sawmill":1,"minecraft:wheat":54},"minecraft:broken":{"minecraft:stone_pickaxe":1,"minecraft:stone_axe":1,"minecraft:stone_shovel":1}},"DataVersion":3465}