{"stats":{"minecraft:picked_up":{"minecraft:pink_petals":82,"minecraft:stick":21,"minecraft:raw_iron":16,"pointblank:gunmetal_nugget":11,"minecraft:cherry_log":53,"minecraft:pointed_dripstone":3,"tombstone:grave_dust":2,"minecraft:dirt":69,"born_in_chaos_v1:intoxicating_decoction":2,"minecraft:rotten_flesh":9,"minecraft:wheat_seeds":1,"minecraft:hay_block":6,"minecraft:cherry_sapling":34,"born_in_chaos_v1:stimulating_decoction":2,"born_in_chaos_v1:fused_bone":2,"minecraft:mutton":4,"minecraft:coal":55,"minecraft:white_wool":3,"minecraft:cobblestone":39,"minecraft:egg":1},"minecraft:custom":{"minecraft:time_since_rest":10636,"minecraft:interact_with_furnace":3,"minecraft:sprint_one_cm":30767,"minecraft:damage_taken":707,"minecraft:walk_one_cm":112368,"minecraft:mob_kills":6,"minecraft:minecart_one_cm":50,"minecraft:damage_dealt":1417,"minecraft:interact_with_crafting_table":10,"minecraft:fly_one_cm":24855,"minecraft:open_barrel":4,"minecraft:open_chest":4,"minecraft:crouch_one_cm":82,"minecraft:play_time":33988,"tombstone:undead_killed":3,"minecraft:deaths":2,"minecraft:sneak_time":269,"minecraft:jump":304,"minecraft:interact_with_stonecutter":2,"minecraft:leave_game":1,"minecraft:time_since_death":10825,"minecraft:sleep_in_bed":1,"minecraft:total_world_time":35350,"minecraft:fall_one_cm":5303},"minecraft:killed":{"minecraft:sheep":3,"born_in_chaos_v1:zombie_clown":1,"minecraft:zombie":2},"minecraft:mined":{"minecraft:pink_petals":5,"minecraft:hay_block":6,"minecraft:cherry_log":54,"minecraft:grass_block":26,"minecraft:grass":6,"minecraft:pointed_dripstone":1,"minecraft:coal_ore":1,"minecraft:dirt":21,"minecraft:tall_grass":1,"minecraft:stone":37},"minecraft:used":{"minecraft:cherry_sapling":23,"minecraft:stone_sword":32,"minecraft:stone_shovel":50,"minecraft:bread":3,"minecraft:stone_pickaxe":47,"sawmill:sawmill":1,"minecraft:chest":2,"minecraft:wooden_pickaxe":4,"minecraft:stone_axe":49,"minecraft:crafting_table":1,"minecraft:furnace":1,"minecraft:white_bed":1},"minecraft:crafted":{"minecraft:cherry_planks":44,"minecraft:stone_shovel":1,"minecraft:crafting_table":1,"minecraft:cherry_slab":6,"minecraft:stick":16,"minecraft:iron_ingot":3,"minecraft:wooden_pickaxe":1,"minecraft:stone_pickaxe":1,"minecraft:chest":2,"minecraft:stone_sword":1,"minecraft:furnace":1,"minecraft:white_bed":1,"minecraft:stone_axe":1,"minecraft:cherry_fence":3,"minecraft:air":0,"sawmill:sawmill":1,"minecraft:bread":18,"minecraft:wheat":54}},"DataVersion":3465}