{"stats":{"minecraft:broken":{"minecraft:stone_pickaxe":1,"minecraft:iron_shovel":3,"minecraft:stone_axe":1,"minecraft:stone_shovel":1},"minecraft:custom":{"minecraft:interact_with_furnace":10,"minecraft:mob_kills":26,"minecraft:interact_with_crafting_table":21,"minecraft:open_barrel":5,"minecraft:interact_with_stonecutter":12,"minecraft:leave_game":3,"minecraft:time_since_death":17776,"minecraft:sleep_in_bed":14,"minecraft:time_since_rest":2715,"minecraft:sprint_one_cm":179823,"minecraft:damage_taken":4358,"minecraft:walk_one_cm":672583,"minecraft:drop":1,"minecraft:minecart_one_cm":50,"minecraft:damage_dealt":4796,"minecraft:fly_one_cm":246023,"minecraft:open_chest":23,"minecraft:crouch_one_cm":405,"minecraft:play_time":145778,"tombstone:undead_killed":11,"minecraft:deaths":11,"minecraft:sneak_time":780,"minecraft:jump":1635,"minecraft:walk_on_water_one_cm":169,"minecraft:total_world_time":147140,"minecraft:fall_one_cm":29724},"minecraft:dropped":{"minecraft:iron_pickaxe":1},"minecraft:killed":{"born_in_chaos_v1:zombie_clown":1,"minecraft:zombie_villager":2,"born_in_chaos_v1:zombie_lumberjack":1,"born_in_chaos_v1:maggot":5,"minecraft:skeleton":2,"minecraft:sheep":4,"minecraft:zombie":5,"endofherobrine:sheep":4,"minecraft:cow":1},"minecraft:picked_up":{"born_in_chaos_v1:fused_bone":2,"born_in_chaos_v1:corpse_maggot":2,"minecraft:pink_petals":611,"minecraft:leather":2,"minecraft:enchanted_book":2,"minecraft:cornflower":1,"minecraft:dirt":1095,"minecraft:raw_copper":3,"born_in_chaos_v1:intoxicating_decoction":2,"minecraft:bone":2,"minecraft:wheat_seeds":26,"minecraft:beef":1,"tombstone:bag_of_seeds":1,"minecraft:iron_pickaxe":1,"born_in_chaos_v1:stimulating_decoction":2,"minecraft:coal_block":11,"minecraft:egg":1,"minecraft:stick":161,"minecraft:raw_iron":16,"minecraft:torch":6,"minecraft:dandelion":1,"pointblank:gunmetal_nugget":30,"minecraft:cherry_log":433,"tombstone:grave_dust":4,"minecraft:pointed_dripstone":3,"minecraft:white_bed":1,"minecraft:cauldron":3,"minecraft:arrow":1,"minecraft:rotten_flesh":15,"minecraft:cherry_wood":10,"minecraft:hay_block":10,"minecraft:cherry_sapling":292,"minecraft:spruce_sign":1,"minecraft:melon_seeds":2,"minecraft:mutton":6,"minecraft:coal":70,"minecraft:cobblestone":115,"minecraft:white_wool":4},"minecraft:mined":{"minecraft:white_bed":1,"minecraft:cherry_log":444,"minecraft:cherry_sapling":2,"twilightforest:hollow_cherry_log_vertical":1,"minecraft:grass_block":605,"minecraft:copper_ore":1,"minecraft:coal_block":11,"minecraft:tall_grass":4,"minecraft:cherry_wood":10,"minecraft:wall_torch":3,"minecraft:pink_petals":27,"minecraft:hay_block":10,"minecraft:water_cauldron":3,"minecraft:grass":28,"minecraft:pointed_dripstone":1,"minecraft:coal_ore":1,"minecraft:dirt":402,"twilightforest:hollow_cherry_log_horizontal":2,"minecraft:stone":108},"minecraft:killed_by":{"minecraft:player":1},"minecraft:used":{"minecraft:cherry_sapling":232,"twilightforest:hollow_cherry_log":3,"minecraft:cherry_wood":348,"minecraft:stone_sword":135,"minecraft:iron_shovel":898,"minecraft:stone_shovel":137,"minecraft:stone_pickaxe":60,"minecraft:leather_chestplate":1,"minecraft:chest":2,"minecraft:wooden_pickaxe":4,"minecraft:torch":21,"minecraft:dirt":74,"minecraft:mutton":1,"minecraft:crafting_table":1,"minecraft:white_bed":2,"tombstone:bag_of_seeds":2,"minecraft:cherry_door":1,"minecraft:iron_axe":336,"minecraft:bread":24,"sawmill:sawmill":1,"minecraft:iron_pickaxe":74,"minecraft:stone_axe":141,"minecraft:furnace":1,"tombstone:gift":3,"minecraft:cherry_log":3},"minecraft:crafted":{"minecraft:cherry_planks":44,"minecraft:stone_shovel":1,"minecraft:crafting_table":1,"minecraft:cherry_slab":6,"minecraft:wooden_pickaxe":1,"minecraft:furnace":1,"minecraft:stone_axe":1,"minecraft:bread":18,"minecraft:air":0,"minecraft:iron_axe":2,"minecraft:stick":20,"minecraft:iron_ingot":16,"minecraft:iron_pickaxe":1,"minecraft:stone_pickaxe":1,"minecraft:cherry_door":2,"minecraft:stone_sword":1,"minecraft:chest":2,"minecraft:iron_shovel":4,"woodenbucket:wooden_bucket":1,"minecraft:white_bed":1,"minecraft:torch":36,"minecraft:cherry_fence":3,"sawmill:sawmill":1,"minecraft:wheat":54}},"DataVersion":3465}