{"stats":{"minecraft:picked_up":{"minecraft:pink_petals":56,"minecraft:stick":21,"pointblank:gunmetal_nugget":5,"minecraft:cherry_log":53,"tombstone:grave_dust":2,"minecraft:dirt":22,"minecraft:rotten_flesh":4,"minecraft:hay_block":6,"minecraft:cherry_sapling":34,"minecraft:mutton":4,"minecraft:coal":8,"minecraft:white_wool":3,"minecraft:cobblestone":17,"minecraft:egg":1},"minecraft:custom":{"minecraft:time_since_rest":1624,"minecraft:sprint_one_cm":20971,"minecraft:damage_taken":344,"minecraft:walk_one_cm":71798,"minecraft:mob_kills":5,"minecraft:minecart_one_cm":50,"minecraft:damage_dealt":1072,"minecraft:interact_with_crafting_table":6,"minecraft:fly_one_cm":17996,"minecraft:open_barrel":4,"minecraft:open_chest":3,"minecraft:crouch_one_cm":33,"minecraft:play_time":21988,"tombstone:undead_killed":2,"minecraft:deaths":1,"minecraft:sneak_time":21,"minecraft:jump":215,"minecraft:leave_game":1,"minecraft:time_since_death":5101,"minecraft:sleep_in_bed":1,"minecraft:total_world_time":23350,"minecraft:fall_one_cm":3709},"minecraft:killed":{"minecraft:sheep":3,"minecraft:zombie":2},"minecraft:mined":{"minecraft:pink_petals":3,"minecraft:hay_block":6,"minecraft:cherry_log":54,"minecraft:grass":4,"minecraft:tall_grass":1,"minecraft:stone":15},"minecraft:used":{"minecraft:cherry_sapling":12,"minecraft:stone_sword":24,"minecraft:bread":1,"minecraft:stone_pickaxe":17,"minecraft:wooden_pickaxe":4,"minecraft:stone_axe":49,"minecraft:crafting_table":1,"minecraft:white_bed":1},"minecraft:crafted":{"minecraft:cherry_planks":28,"minecraft:stone_shovel":1,"minecraft:crafting_table":1,"minecraft:stick":16,"minecraft:wooden_pickaxe":1,"minecraft:stone_pickaxe":1,"minecraft:stone_sword":1,"minecraft:white_bed":1,"minecraft:stone_axe":1,"minecraft:bread":18,"minecraft:wheat":54}},"DataVersion":3465}