{"stats":{"minecraft:picked_up":{"minecraft:stick":6,"minecraft:cherry_sapling":3,"minecraft:cherry_log":7},"minecraft:custom":{"minecraft:jump":40,"minecraft:time_since_rest":9988,"minecraft:sprint_one_cm":3022,"minecraft:leave_game":1,"minecraft:play_time":9988,"minecraft:damage_taken":40,"minecraft:time_since_death":9988,"minecraft:walk_one_cm":9466,"minecraft:total_world_time":11350,"minecraft:fall_one_cm":693,"minecraft:fly_one_cm":2742},"minecraft:mined":{"minecraft:grass":1,"minecraft:cherry_log":8},"minecraft:crafted":{"minecraft:cherry_planks":28,"minecraft:crafting_table":1}},"DataVersion":3465}