{"stats":{"minecraft:killed":{"minecraft:sheep":1,"illagerinvasion:sorcerer":1},"minecraft:custom":{"minecraft:time_since_rest":3722,"minecraft:interact_with_furnace":6,"minecraft:sprint_one_cm":70923,"minecraft:damage_taken":1345,"minecraft:walk_one_cm":38732,"minecraft:mob_kills":2,"tombstone:raider_killed":1,"minecraft:damage_dealt":684,"minecraft:open_chest":1,"minecraft:interact_with_crafting_table":11,"minecraft:fly_one_cm":87491,"minecraft:crouch_one_cm":200,"minecraft:play_time":20800,"minecraft:deaths":5,"minecraft:sneak_time":216,"minecraft:jump":357,"minecraft:leave_game":1,"minecraft:time_since_death":4970,"minecraft:walk_on_water_one_cm":448,"minecraft:sleep_in_bed":1,"minecraft:total_world_time":20800,"minecraft:climb_one_cm":1520,"minecraft:fall_one_cm":12460},"minecraft:picked_up":{"minecraft:book":26,"minecraft:crafting_table":4,"minecraft:dark_oak_sapling":13,"minecraft:stick":9,"minecraft:raw_iron":10,"pointblank:gunmetal_nugget":6,"minecraft:amethyst_shard":2,"minecraft:mossy_cobblestone":1,"minecraft:cyan_bed":4,"minecraft:amethyst_block":1,"illagerinvasion:unusual_dust":1,"minecraft:dark_oak_log":141,"minecraft:dirt":5,"minecraft:dark_oak_planks":8,"minecraft:apple":1,"minecraft:lectern":2,"minecraft:dark_oak_fence":1,"minecraft:mutton":2,"minecraft:white_wool":1,"minecraft:cobblestone":46,"minecraft:furnace":2},"minecraft:mined":{"minecraft:large_amethyst_bud":1,"minecraft:furnace":2,"minecraft:mossy_cobblestone":1,"minecraft:amethyst_cluster":1,"minecraft:dark_oak_log":160,"minecraft:powder_snow":1,"minecraft:crafting_table":4,"minecraft:dark_oak_fence":1,"minecraft:grass":2,"minecraft:bookshelf":8,"minecraft:lectern":2,"minecraft:dirt":5,"minecraft:cobblestone":1,"minecraft:cyan_bed":4,"minecraft:stone":45,"minecraft:amethyst_block":1},"minecraft:used":{"minecraft:wooden_axe":60,"minecraft:apple":1,"minecraft:stone_sword":15,"minecraft:cyan_bed":1,"minecraft:stone_pickaxe":50,"minecraft:wooden_pickaxe":5,"minecraft:stone_axe":117,"minecraft:cobblestone":5,"minecraft:mutton":2,"minecraft:crafting_table":4,"minecraft:furnace":2,"tombstone:gift":3},"minecraft:crafted":{"minecraft:shield":1,"minecraft:crafting_table":1,"minecraft:stick":8,"minecraft:wooden_pickaxe":1,"minecraft:iron_ingot":10,"minecraft:stone_pickaxe":1,"minecraft:wooden_axe":1,"minecraft:stone_sword":1,"minecraft:furnace":1,"minecraft:dark_oak_planks":40,"minecraft:stone_axe":1,"minecraft:air":0},"minecraft:broken":{"minecraft:wooden_axe":1}},"DataVersion":3465}