{"stats":{"minecraft:killed":{"minecraft:vindicator":1,"minecraft:sheep":1,"illagerinvasion:sorcerer":1},"minecraft:custom":{"minecraft:interact_with_furnace":11,"minecraft:mob_kills":3,"tombstone:raider_killed":2,"minecraft:interact_with_crafting_table":14,"minecraft:leave_game":1,"minecraft:time_since_death":9966,"minecraft:sleep_in_bed":2,"minecraft:climb_one_cm":1520,"minecraft:time_since_rest":3891,"minecraft:sprint_one_cm":88057,"minecraft:damage_taken":1535,"minecraft:walk_one_cm":50833,"minecraft:drop":7,"minecraft:damage_dealt":898,"minecraft:swim_one_cm":1699,"minecraft:fly_one_cm":107515,"minecraft:open_chest":11,"minecraft:crouch_one_cm":560,"minecraft:play_time":32800,"minecraft:deaths":6,"minecraft:sneak_time":765,"minecraft:walk_under_water_one_cm":151,"minecraft:jump":549,"minecraft:walk_on_water_one_cm":1021,"minecraft:total_world_time":32800,"minecraft:fall_one_cm":16466},"minecraft:picked_up":{"minecraft:crafting_table":6,"paraglider:spirit_orb":4,"minecraft:amethyst_block":2,"minecraft:dirt":5,"illagerinvasion:unusual_dust":3,"minecraft:iron_axe":1,"minecraft:apple":1,"minecraft:lectern":4,"minecraft:furnace":3,"minecraft:book":54,"minecraft:dark_oak_sapling":13,"minecraft:stick":9,"minecraft:raw_iron":22,"pointblank:gunmetal_nugget":6,"minecraft:amethyst_shard":4,"minecraft:cyan_bed":6,"minecraft:dark_oak_log":144,"minecraft:mossy_cobblestone":1,"minecraft:dark_oak_planks":8,"minecraft:mutton":2,"minecraft:dark_oak_fence":2,"minecraft:coal":73,"minecraft:white_wool":1,"minecraft:cobblestone":53},"minecraft:mined":{"minecraft:large_amethyst_bud":1,"minecraft:mossy_cobblestone":1,"minecraft:amethyst_cluster":1,"minecraft:dark_oak_log":160,"minecraft:powder_snow":14,"minecraft:crafting_table":6,"minecraft:dark_oak_fence":1,"minecraft:chest":2,"minecraft:lectern":2,"minecraft:tall_grass":1,"minecraft:cobblestone":1,"minecraft:cyan_bed":6,"minecraft:amethyst_block":1,"minecraft:spawner":1,"minecraft:furnace":3,"minecraft:grass":2,"minecraft:bookshelf":8,"minecraft:dirt":5,"minecraft:stone":52},"minecraft:used":{"minecraft:stone_sword":21,"minecraft:bundle":1,"minecraft:stone_pickaxe":61,"minecraft:wooden_pickaxe":5,"minecraft:torch":2,"minecraft:dirt":4,"minecraft:mutton":2,"minecraft:crafting_table":6,"minecraft:wooden_axe":60,"minecraft:apple":1,"minecraft:iron_axe":1,"minecraft:cyan_bed":3,"minecraft:iron_pickaxe":6,"minecraft:stone_axe":120,"minecraft:cobblestone":5,"minecraft:furnace":3,"tombstone:gift":3},"minecraft:dropped":{"minecraft:book":28,"illagerinvasion:unusual_dust":2,"minecraft:amethyst_block":1,"paraglider:spirit_orb":2,"minecraft:dark_oak_fence":1,"minecraft:amethyst_shard":2,"minecraft:lectern":2},"minecraft:crafted":{"minecraft:crafting_table":1,"minecraft:wooden_pickaxe":1,"minecraft:iron_helmet":1,"minecraft:furnace":1,"minecraft:stone_axe":1,"minecraft:air":0,"minecraft:iron_chestplate":1,"minecraft:shield":1,"minecraft:stick":8,"minecraft:iron_ingot":16,"minecraft:iron_pickaxe":1,"minecraft:stone_pickaxe":1,"minecraft:wooden_axe":1,"minecraft:stone_sword":1,"minecraft:dark_oak_planks":40,"minecraft:torch":4},"minecraft:broken":{"minecraft:stone_pickaxe":1,"minecraft:wooden_axe":1}},"DataVersion":3465}