{"stats":{"minecraft:killed":{"minecraft:sheep":1},"minecraft:picked_up":{"minecraft:crafting_table":3,"minecraft:dark_oak_sapling":1,"minecraft:stick":2,"minecraft:raw_iron":10,"minecraft:dark_oak_log":46,"minecraft:dirt":5,"minecraft:dark_oak_planks":8,"minecraft:mutton":2,"minecraft:white_wool":1,"minecraft:cobblestone":46,"minecraft:furnace":2},"minecraft:custom":{"minecraft:time_since_rest":1000,"minecraft:interact_with_furnace":6,"minecraft:sprint_one_cm":30559,"minecraft:damage_taken":600,"minecraft:walk_one_cm":17068,"minecraft:mob_kills":1,"minecraft:damage_dealt":282,"minecraft:interact_with_crafting_table":9,"minecraft:fly_one_cm":45879,"minecraft:crouch_one_cm":106,"minecraft:play_time":9483,"minecraft:deaths":2,"minecraft:sneak_time":156,"minecraft:jump":186,"minecraft:time_since_death":1242,"minecraft:total_world_time":9483,"minecraft:fall_one_cm":9677},"minecraft:mined":{"minecraft:furnace":2,"minecraft:dark_oak_log":62,"minecraft:powder_snow":1,"minecraft:crafting_table":3,"minecraft:grass":1,"minecraft:dirt":5,"minecraft:cobblestone":1,"minecraft:stone":45},"minecraft:used":{"minecraft:wooden_axe":60,"minecraft:stone_sword":4,"minecraft:stone_pickaxe":47,"minecraft:wooden_pickaxe":5,"minecraft:stone_axe":1,"minecraft:cobblestone":1,"minecraft:mutton":2,"minecraft:crafting_table":3,"minecraft:furnace":2},"minecraft:crafted":{"minecraft:crafting_table":1,"minecraft:stick":8,"minecraft:wooden_pickaxe":1,"minecraft:iron_ingot":10,"minecraft:stone_pickaxe":1,"minecraft:wooden_axe":1,"minecraft:stone_sword":1,"minecraft:furnace":1,"minecraft:dark_oak_planks":40,"minecraft:stone_axe":1,"minecraft:air":0},"minecraft:broken":{"minecraft:wooden_axe":1}},"DataVersion":3465}