{"stats":{"minecraft:crafted":{"minecraft:oak_planks":12,"minecraft:furnace":1,"minecraft:iron_boots":1,"minecraft:stone_pickaxe":2,"minecraft:dark_oak_planks":40,"minecraft:wheat":207,"minecraft:cooked_beef":4,"minecraft:coal_block":7,"minecraft:crafting_table":3,"minecraft:wooden_pickaxe":3,"minecraft:iron_helmet":1,"minecraft:stone_axe":1,"minecraft:jungle_planks":4,"minecraft:bread":69,"minecraft:air":0,"minecraft:iron_chestplate":1,"minecraft:shield":1,"minecraft:stick":20,"minecraft:iron_ingot":34,"minecraft:iron_pickaxe":1,"minecraft:wooden_axe":1,"minecraft:stone_sword":2,"minecraft:iron_leggings":1,"minecraft:torch":64},"minecraft:dropped":{"minecraft:enchanted_book":1,"minecraft:dark_oak_sapling":13,"minecraft:book":28,"illagerinvasion:unusual_dust":4,"minecraft:amethyst_block":2,"paraglider:spirit_orb":4,"minecraft:emerald":3,"minecraft:dark_oak_log":81,"minecraft:dark_oak_fence":2,"minecraft:amethyst_shard":4,"minecraft:iron_pickaxe":1,"minecraft:paper":8,"tombstone:scroll_of_preservation":1,"minecraft:string":34,"minecraft:redstone":8,"minecraft:name_tag":1,"pointblank:gunmetal_nugget":6,"minecraft:gunpowder":5,"minecraft:spider_eye":4,"minecraft:cyan_bed":1,"minecraft:lectern":4},"minecraft:killed":{"born_in_chaos_v1:restless_spirit":1,"minecraft:spider":2,"minecraft:vindicator":1,"born_in_chaos_v1:zombie_bruiser":1,"born_in_chaos_v1:maggot":4,"minecraft:skeleton":1,"minecraft:pig":1,"born_in_chaos_v1:decrepit_skeleton":2,"minecraft:sheep":1,"illagerinvasion:sorcerer":1,"endofherobrine:sheep":1,"minecraft:cow":3},"minecraft:mined":{"minecraft:large_amethyst_bud":1,"minecraft:mossy_cobblestone":1,"minecraft:cherry_sapling":1,"minecraft:dark_oak_log":160,"minecraft:ladder":2,"minecraft:dark_oak_fence":1,"minecraft:grass_block":3,"minecraft:spruce_leaves":2,"minecraft:spawner":1,"minecraft:hay_block":84,"minecraft:raw_iron_block":2,"minecraft:furnace":5,"minecraft:bookshelf":8,"minecraft:pointed_dripstone":14,"minecraft:stripped_oak_log":3,"minecraft:stone":107,"minecraft:brown_mushroom":7,"minecraft:kelp_plant":1,"minecraft:amethyst_cluster":1,"minecraft:dandelion":1,"minecraft:powder_snow":14,"minecraft:crafting_table":7,"minecraft:torch":2,"minecraft:calcite":2,"minecraft:chest":2,"minecraft:lectern":2,"minecraft:tall_grass":2,"minecraft:copper_ore":2,"minecraft:cobblestone":5,"minecraft:cyan_bed":15,"minecraft:sugar_cane":1,"minecraft:oak_planks":14,"minecraft:wall_torch":2,"minecraft:amethyst_block":1,"minecraft:pink_petals":2,"minecraft:spruce_log":40,"minecraft:grass":25,"minecraft:dripstone_block":1,"minecraft:dirt":5,"minecraft:cobweb":6,"minecraft:cracked_stone_bricks":2,"minecraft:smooth_basalt":2,"minecraft:mossy_stone_bricks":3,"minecraft:oak_leaves":5},"minecraft:broken":{"minecraft:stone_sword":1,"minecraft:stone_pickaxe":1,"minecraft:iron_pickaxe":1,"minecraft:wooden_axe":1},"minecraft:picked_up":{"minecraft:crafting_table":7,"minecraft:ladder":4,"minecraft:brown_mushroom":7,"minecraft:wooden_pickaxe":1,"tombstone:scroll_of_preservation":1,"minecraft:amethyst_block":3,"minecraft:iron_axe":1,"minecraft:string":42,"illagerinvasion:unusual_dust":5,"minecraft:raw_copper":6,"minecraft:cracked_stone_bricks":2,"minecraft:tnt_minecart":3,"minecraft:beef":4,"minecraft:calcite":2,"minecraft:iron_pickaxe":1,"minecraft:lectern":6,"minecraft:sugar_cane":2,"minecraft:furnace":5,"minecraft:dark_oak_sapling":26,"minecraft:stick":19,"minecraft:raw_iron":102,"minecraft:torch":4,"pointblank:gunmetal_nugget":25,"minecraft:pointed_dripstone":22,"tombstone:grave_dust":2,"born_in_chaos_v1:pieceofdarkmetal":2,"minecraft:redstone":8,"minecraft:dark_oak_planks":8,"minecraft:arrow":1,"minecraft:rotten_flesh":6,"minecraft:hay_block":84,"minecraft:mutton":4,"minecraft:cobblestone":108,"minecraft:white_wool":1,"minecraft:stripped_oak_log":3,"born_in_chaos_v1:corpse_maggot":2,"minecraft:pink_petals":3,"minecraft:glow_ink_sac":8,"minecraft:jungle_log":1,"minecraft:leather":2,"paraglider:spirit_orb":6,"minecraft:gunpowder":5,"minecraft:paper":24,"minecraft:dirt":24,"minecraft:lantern":1,"minecraft:name_tag":1,"minecraft:bone":4,"minecraft:apple":2,"minecraft:stone_bricks":2,"minecraft:kelp":2,"minecraft:wheat_seeds":3,"minecraft:mossy_stone_bricks":3,"minecraft:oak_planks":14,"minecraft:book":54,"minecraft:smooth_basalt":2,"minecraft:dandelion":1,"minecraft:raw_iron_block":2,"minecraft:amethyst_shard":6,"minecraft:spruce_sapling":20,"minecraft:cyan_bed":14,"minecraft:spruce_log":39,"minecraft:lily_of_the_valley":1,"minecraft:dark_oak_log":225,"minecraft:spider_eye":6,"minecraft:mossy_cobblestone":1,"minecraft:bundle":1,"waystones:waystone":1,"minecraft:spruce_sign":6,"minecraft:emerald":3,"minecraft:dark_oak_fence":3,"minecraft:coal":296},"minecraft:used":{"minecraft:stone_sword":202,"minecraft:shield":2,"minecraft:torch":56,"tombstone:scroll_of_preservation":8,"minecraft:dirt":11,"minecraft:mutton":4,"minecraft:carrot":24,"minecraft:wooden_axe":60,"born_in_chaos_v1:smoked_flesh":7,"minecraft:lantern":1,"minecraft:iron_axe":60,"minecraft:iron_boots":1,"minecraft:furnace":6,"tombstone:gift":3,"minecraft:cooked_beef":4,"minecraft:iron_leggings":1,"minecraft:bundle":3,"minecraft:stone_pickaxe":101,"minecraft:oak_planks":10,"minecraft:wooden_pickaxe":20,"minecraft:crafting_table":10,"minecraft:spruce_log":2,"minecraft:apple":1,"minecraft:dark_oak_log":2,"minecraft:bread":28,"minecraft:cyan_bed":13,"minecraft:iron_pickaxe":93,"minecraft:stone_axe":120,"minecraft:cobblestone":87},"minecraft:custom":{"minecraft:mob_kills":21,"minecraft:interact_with_crafting_table":28,"minecraft:open_barrel":11,"minecraft:leave_game":14,"minecraft:time_since_death":7667,"minecraft:climb_one_cm":13724,"minecraft:sprint_one_cm":520275,"minecraft:walk_one_cm":308559,"minecraft:damage_blocked_by_shield":120,"minecraft:drop":30,"minecraft:talked_to_villager":1,"minecraft:play_time":175036,"minecraft:deaths":24,"minecraft:sneak_time":3262,"minecraft:walk_under_water_one_cm":9018,"minecraft:jump":3829,"minecraft:walk_on_water_one_cm":34708,"minecraft:total_world_time":175036,"minecraft:interact_with_furnace":27,"tombstone:raider_killed":2,"minecraft:sleep_in_bed":10,"minecraft:time_since_rest":5026,"minecraft:waystone_activated":1,"minecraft:damage_taken":9619,"minecraft:minecart_one_cm":1620,"minecraft:damage_dealt":6147,"minecraft:player_kills":1,"minecraft:swim_one_cm":62110,"minecraft:fly_one_cm":756510,"minecraft:open_chest":47,"minecraft:crouch_one_cm":4871,"tombstone:undead_killed":4,"minecraft:fall_one_cm":133113}},"DataVersion":3465}