{"stats":{"minecraft:killed":{"minecraft:vindicator":1,"minecraft:sheep":1,"minecraft:skeleton":1,"illagerinvasion:sorcerer":1},"minecraft:custom":{"minecraft:interact_with_furnace":22,"minecraft:mob_kills":4,"tombstone:raider_killed":2,"minecraft:interact_with_crafting_table":20,"minecraft:leave_game":5,"minecraft:time_since_death":256,"minecraft:sleep_in_bed":3,"minecraft:climb_one_cm":2414,"minecraft:time_since_rest":1,"minecraft:sprint_one_cm":129906,"minecraft:damage_taken":3796,"minecraft:walk_one_cm":95188,"minecraft:damage_blocked_by_shield":120,"minecraft:drop":7,"minecraft:damage_dealt":1159,"minecraft:swim_one_cm":1699,"minecraft:fly_one_cm":131741,"minecraft:open_chest":15,"minecraft:crouch_one_cm":2897,"minecraft:play_time":53945,"tombstone:undead_killed":1,"minecraft:deaths":13,"minecraft:sneak_time":2237,"minecraft:walk_under_water_one_cm":151,"minecraft:jump":904,"minecraft:walk_on_water_one_cm":1884,"minecraft:total_world_time":53945,"minecraft:fall_one_cm":31839},"minecraft:picked_up":{"minecraft:crafting_table":7,"minecraft:ladder":2,"paraglider:spirit_orb":4,"minecraft:amethyst_block":2,"minecraft:dirt":5,"minecraft:string":1,"illagerinvasion:unusual_dust":3,"minecraft:iron_axe":1,"minecraft:bone":1,"minecraft:apple":1,"minecraft:stone_bricks":1,"minecraft:tnt_minecart":1,"minecraft:calcite":2,"minecraft:lectern":4,"minecraft:furnace":4,"minecraft:book":54,"minecraft:raw_iron":82,"minecraft:dark_oak_sapling":13,"minecraft:stick":19,"minecraft:smooth_basalt":2,"minecraft:torch":2,"pointblank:gunmetal_nugget":11,"minecraft:amethyst_shard":4,"minecraft:spruce_sapling":20,"tombstone:grave_dust":2,"minecraft:pointed_dripstone":1,"minecraft:spruce_log":39,"minecraft:cyan_bed":9,"minecraft:dark_oak_log":144,"minecraft:mossy_cobblestone":1,"minecraft:dark_oak_planks":8,"minecraft:arrow":1,"minecraft:mutton":2,"minecraft:dark_oak_fence":2,"minecraft:coal":194,"minecraft:white_wool":1,"minecraft:cobblestone":66},"minecraft:mined":{"minecraft:large_amethyst_bud":1,"minecraft:mossy_cobblestone":1,"minecraft:amethyst_cluster":1,"minecraft:dark_oak_log":160,"minecraft:powder_snow":14,"minecraft:crafting_table":7,"minecraft:torch":1,"minecraft:ladder":2,"minecraft:dark_oak_fence":1,"minecraft:calcite":2,"minecraft:chest":2,"minecraft:lectern":2,"minecraft:tall_grass":1,"minecraft:cobblestone":1,"minecraft:spruce_leaves":2,"minecraft:cyan_bed":10,"minecraft:amethyst_block":1,"minecraft:spawner":1,"minecraft:furnace":4,"minecraft:spruce_log":40,"minecraft:grass":2,"minecraft:bookshelf":8,"minecraft:dirt":5,"minecraft:cobweb":1,"minecraft:cracked_stone_bricks":1,"minecraft:smooth_basalt":2,"minecraft:stone":69,"minecraft:mossy_stone_bricks":3},"minecraft:used":{"minecraft:stone_sword":28,"minecraft:bundle":1,"minecraft:stone_pickaxe":61,"minecraft:wooden_pickaxe":5,"minecraft:shield":2,"minecraft:torch":27,"minecraft:dirt":5,"minecraft:mutton":2,"minecraft:crafting_table":7,"minecraft:spruce_log":2,"minecraft:wooden_axe":60,"minecraft:apple":1,"minecraft:iron_axe":50,"minecraft:cyan_bed":9,"minecraft:iron_pickaxe":54,"minecraft:iron_boots":1,"minecraft:stone_axe":120,"minecraft:cobblestone":48,"minecraft:furnace":4,"tombstone:gift":3,"minecraft:iron_leggings":1},"minecraft:dropped":{"minecraft:book":28,"illagerinvasion:unusual_dust":2,"minecraft:amethyst_block":1,"paraglider:spirit_orb":2,"minecraft:dark_oak_fence":1,"minecraft:amethyst_shard":2,"minecraft:lectern":2},"minecraft:crafted":{"minecraft:coal_block":7,"minecraft:crafting_table":1,"minecraft:wooden_pickaxe":1,"minecraft:iron_helmet":1,"minecraft:furnace":1,"minecraft:stone_axe":1,"minecraft:air":0,"minecraft:iron_boots":1,"minecraft:iron_chestplate":1,"minecraft:shield":1,"minecraft:stick":8,"minecraft:iron_ingot":34,"minecraft:iron_pickaxe":1,"minecraft:stone_pickaxe":1,"minecraft:wooden_axe":1,"minecraft:stone_sword":1,"minecraft:iron_leggings":1,"minecraft:dark_oak_planks":40,"minecraft:torch":64},"minecraft:broken":{"minecraft:stone_pickaxe":1,"minecraft:wooden_axe":1}},"DataVersion":3465}