{"stats":{"minecraft:crafted":{"minecraft:crafting_table":2,"minecraft:purple_bed":1,"minecraft:spruce_planks":40,"minecraft:wooden_pickaxe":1,"minecraft:furnace":1,"minecraft:stone_axe":1,"minecraft:iron_axe":1,"minecraft:stick":20,"minecraft:stone_pickaxe":1,"minecraft:iron_ingot":16,"minecraft:iron_pickaxe":1,"minecraft:wooden_axe":1,"minecraft:torch":8},"minecraft:killed":{"born_in_chaos_v1:swarmer":1,"minecraft:spider":1,"born_in_chaos_v1:maggot":2,"born_in_chaos_v1:dread_hound":1,"born_in_chaos_v1:corpse_fly":5},"minecraft:mined":{"minecraft:dark_oak_planks":4,"minecraft:mossy_cobblestone":5,"minecraft:medium_amethyst_bud":1,"minecraft:dark_oak_log":209,"minecraft:crafting_table":6,"minecraft:ladder":2,"minecraft:dark_oak_fence":1,"minecraft:spruce_fence":1,"minecraft:chest":2,"minecraft:mushroom_stem":52,"minecraft:cobblestone":11,"minecraft:wall_torch":1,"minecraft:spawner":1,"minecraft:weeping_vines_plant":2,"minecraft:purple_wool":9,"minecraft:purple_bed":3,"minecraft:furnace":1,"minecraft:iron_ore":3,"minecraft:white_carpet":4,"minecraft:spruce_log":13,"minecraft:dark_oak_stairs":1,"minecraft:grass":1,"minecraft:oak_log":5,"minecraft:bookshelf":16,"minecraft:pointed_dripstone":1,"minecraft:coal_ore":1,"minecraft:water_cauldron":1,"minecraft:small_amethyst_bud":1,"minecraft:stone":50,"irons_spellbooks:inscription_table":1,"minecraft:stone_bricks":2},"minecraft:broken":{"minecraft:stone_pickaxe":1,"minecraft:stone_axe":1},"minecraft:picked_up":{"minecraft:charcoal":4,"born_in_chaos_v1:corpse_maggot":6,"minecraft:crafting_table":6,"minecraft:purple_wool":15,"minecraft:ladder":3,"minecraft:oak_log":5,"minecraft:string":2,"minecraft:white_carpet":4,"minecraft:apple":1,"minecraft:stone_bricks":2,"minecraft:gold_nugget":1,"minecraft:spruce_wood":1,"minecraft:chest":2,"irons_spellbooks:inscription_table":1,"minecraft:furnace":1,"minecraft:book":48,"minecraft:dark_oak_sapling":23,"minecraft:raw_iron":16,"minecraft:stick":18,"minecraft:torch":1,"born_in_chaos_v1:flaming_evil_pumpkin":1,"minecraft:spruce_fence":1,"minecraft:spruce_sapling":1,"minecraft:pointed_dripstone":1,"minecraft:spruce_log":13,"minecraft:dark_oak_log":208,"minecraft:cauldron":2,"minecraft:mossy_cobblestone":5,"minecraft:dark_oak_planks":3,"minecraft:weeping_vines":1,"minecraft:rotten_flesh":2,"minecraft:purple_bed":3,"born_in_chaos_v1:fire_dust":2,"minecraft:emerald":3,"minecraft:dark_oak_fence":1,"minecraft:coal":61,"minecraft:snowball":16,"minecraft:cobblestone":61},"minecraft:used":{"minecraft:stone_pickaxe":59,"minecraft:chest":1,"minecraft:wooden_pickaxe":24,"minecraft:torch":7,"minecraft:crafting_table":7,"minecraft:wooden_axe":26,"minecraft:iron_axe":225,"minecraft:iron_pickaxe":7,"minecraft:spruce_sapling":1,"minecraft:stone_axe":103,"minecraft:cobblestone":31,"minecraft:purple_bed":4,"minecraft:furnace":2,"tombstone:gift":1,"minecraft:dark_oak_sapling":17},"minecraft:custom":{"minecraft:interact_with_furnace":7,"minecraft:interact_with_anvil":1,"minecraft:mob_kills":10,"minecraft:interact_with_crafting_table":11,"minecraft:open_barrel":2,"minecraft:time_since_death":1376,"minecraft:sleep_in_bed":2,"minecraft:climb_one_cm":8454,"minecraft:time_since_rest":1144,"minecraft:sprint_one_cm":78401,"minecraft:damage_taken":1936,"minecraft:walk_one_cm":112909,"minecraft:damage_dealt":1724,"minecraft:fly_one_cm":33943,"minecraft:open_chest":2,"minecraft:crouch_one_cm":747,"minecraft:play_time":52296,"tombstone:undead_killed":1,"minecraft:deaths":6,"minecraft:sneak_time":1644,"minecraft:walk_under_water_one_cm":536,"minecraft:jump":425,"minecraft:walk_on_water_one_cm":901,"minecraft:interact_with_smoker":1,"minecraft:total_world_time":52296,"minecraft:fall_one_cm":14819}},"DataVersion":3465}