{"stats":{"minecraft:crafted":{"minecraft:crafting_table":2,"minecraft:spruce_planks":24,"minecraft:stick":20,"minecraft:iron_ingot":5,"minecraft:wooden_pickaxe":1,"minecraft:iron_pickaxe":1,"minecraft:stone_pickaxe":1,"minecraft:wooden_axe":1,"minecraft:furnace":1,"minecraft:torch":4,"minecraft:stone_axe":1},"minecraft:mined":{"minecraft:furnace":1,"minecraft:iron_ore":3,"minecraft:medium_amethyst_bud":1,"minecraft:white_carpet":4,"minecraft:spruce_log":13,"minecraft:crafting_table":4,"minecraft:ladder":1,"minecraft:bookshelf":16,"minecraft:spruce_fence":1,"minecraft:pointed_dripstone":1,"minecraft:coal_ore":1,"minecraft:water_cauldron":1,"minecraft:small_amethyst_bud":1,"minecraft:stone_bricks":1,"irons_spellbooks:inscription_table":1,"minecraft:stone":50,"minecraft:wall_torch":1},"minecraft:picked_up":{"minecraft:book":48,"minecraft:crafting_table":4,"minecraft:stick":2,"minecraft:raw_iron":16,"minecraft:ladder":1,"minecraft:torch":1,"minecraft:spruce_fence":1,"minecraft:spruce_sapling":1,"minecraft:pointed_dripstone":1,"minecraft:spruce_log":13,"minecraft:cauldron":1,"minecraft:white_carpet":4,"minecraft:stone_bricks":1,"minecraft:emerald":3,"irons_spellbooks:inscription_table":1,"minecraft:coal":61,"minecraft:snowball":16,"minecraft:cobblestone":50,"minecraft:furnace":1},"minecraft:used":{"minecraft:wooden_axe":14,"minecraft:stone_pickaxe":49,"minecraft:iron_pickaxe":3,"minecraft:wooden_pickaxe":19,"minecraft:spruce_sapling":1,"minecraft:stone_axe":21,"minecraft:torch":1,"minecraft:cobblestone":2,"minecraft:crafting_table":5,"minecraft:furnace":1,"tombstone:gift":1},"minecraft:custom":{"minecraft:time_since_rest":7819,"minecraft:interact_with_furnace":4,"minecraft:sprint_one_cm":11816,"minecraft:damage_taken":631,"minecraft:walk_one_cm":48986,"minecraft:damage_dealt":20,"minecraft:open_barrel":1,"minecraft:interact_with_crafting_table":8,"minecraft:fly_one_cm":8903,"minecraft:crouch_one_cm":94,"minecraft:play_time":28296,"minecraft:deaths":2,"minecraft:sneak_time":458,"minecraft:walk_under_water_one_cm":536,"minecraft:jump":187,"minecraft:time_since_death":8667,"minecraft:walk_on_water_one_cm":901,"minecraft:climb_one_cm":761,"minecraft:total_world_time":28296,"minecraft:fall_one_cm":7411}},"DataVersion":3465}