{"stats":{"minecraft:dropped":{"minecraft:stone_bricks":2},"minecraft:crafted":{"minecraft:crafting_table":2,"minecraft:purple_bed":1,"minecraft:spruce_planks":40,"minecraft:wooden_pickaxe":1,"minecraft:iron_sword":1,"minecraft:furnace":1,"minecraft:stone_axe":1,"minecraft:iron_axe":1,"minecraft:stick":20,"minecraft:stone_pickaxe":1,"minecraft:iron_ingot":16,"minecraft:iron_pickaxe":1,"minecraft:wooden_axe":1,"minecraft:torch":24,"minecraft:shears":1},"minecraft:killed":{"born_in_chaos_v1:swarmer":1,"minecraft:spider":2,"born_in_chaos_v1:maggot":2,"born_in_chaos_v1:dread_hound":1,"born_in_chaos_v1:corpse_fly":5,"minecraft:piglin_brute":3},"minecraft:mined":{"minecraft:dark_oak_planks":4,"minecraft:mossy_cobblestone":5,"minecraft:dark_oak_leaves":2,"minecraft:smoker":1,"minecraft:medium_amethyst_bud":1,"minecraft:dark_oak_log":209,"minecraft:crafting_table":6,"minecraft:ladder":2,"minecraft:dark_oak_fence":1,"minecraft:spruce_fence":1,"minecraft:chest":2,"minecraft:campfire":1,"minecraft:mushroom_stem":54,"minecraft:cobblestone":24,"minecraft:oak_planks":1,"minecraft:diorite":1,"minecraft:wall_torch":1,"minecraft:chiseled_stone_bricks":1,"minecraft:spawner":2,"minecraft:weeping_vines_plant":3,"minecraft:purple_wool":9,"minecraft:purple_bed":4,"minecraft:furnace":1,"minecraft:iron_ore":3,"minecraft:white_carpet":4,"minecraft:spruce_log":13,"minecraft:dark_oak_stairs":1,"minecraft:grass":1,"minecraft:oak_log":5,"minecraft:bookshelf":16,"minecraft:pointed_dripstone":1,"minecraft:coal_ore":1,"minecraft:water_cauldron":1,"minecraft:small_amethyst_bud":1,"minecraft:iron_bars":3,"minecraft:polished_andesite":1,"minecraft:stone":50,"irons_spellbooks:inscription_table":1,"minecraft:stone_bricks":2},"minecraft:broken":{"minecraft:stone_pickaxe":1,"minecraft:iron_axe":1,"minecraft:stone_axe":1},"minecraft:picked_up":{"minecraft:charcoal":6,"born_in_chaos_v1:corpse_maggot":6,"minecraft:crafting_table":6,"minecraft:purple_wool":15,"minecraft:ladder":3,"minecraft:smoker":1,"paraglider:spirit_orb":4,"minecraft:oak_log":5,"minecraft:string":2,"minecraft:white_carpet":4,"minecraft:apple":1,"minecraft:stone_bricks":2,"minecraft:gold_nugget":4,"minecraft:spruce_wood":1,"minecraft:chest":2,"irons_spellbooks:inscription_table":1,"minecraft:furnace":1,"minecraft:book":48,"minecraft:dark_oak_sapling":23,"minecraft:raw_iron":16,"minecraft:stick":18,"minecraft:chiseled_stone_bricks":1,"minecraft:torch":1,"born_in_chaos_v1:flaming_evil_pumpkin":1,"minecraft:spruce_fence":1,"pointblank:gunmetal_nugget":4,"minecraft:spruce_sapling":1,"minecraft:pointed_dripstone":1,"minecraft:diorite":1,"minecraft:spruce_log":13,"minecraft:dark_oak_log":208,"minecraft:cauldron":2,"minecraft:mossy_cobblestone":5,"minecraft:dark_oak_planks":3,"minecraft:weeping_vines":6,"minecraft:rotten_flesh":2,"minecraft:purple_bed":4,"born_in_chaos_v1:fire_dust":2,"minecraft:gray_wool":2,"minecraft:emerald":3,"minecraft:dark_oak_fence":1,"minecraft:iron_bars":3,"minecraft:coal":61,"minecraft:snowball":16,"minecraft:white_wool":2,"minecraft:cobblestone":74},"minecraft:used":{"minecraft:stone_pickaxe":59,"minecraft:chest":1,"minecraft:wooden_pickaxe":24,"minecraft:torch":8,"minecraft:crafting_table":8,"minecraft:wooden_axe":26,"minecraft:apple":1,"minecraft:iron_axe":240,"minecraft:bread":3,"minecraft:iron_pickaxe":32,"minecraft:iron_helmet":1,"minecraft:spruce_sapling":1,"minecraft:stone_axe":103,"minecraft:cobblestone":54,"minecraft:purple_bed":5,"minecraft:furnace":2,"tombstone:gift":1,"minecraft:dark_oak_sapling":17},"minecraft:custom":{"minecraft:interact_with_furnace":7,"minecraft:interact_with_anvil":1,"minecraft:mob_kills":15,"minecraft:interact_with_crafting_table":12,"minecraft:open_barrel":2,"minecraft:time_since_death":13376,"minecraft:sleep_in_bed":3,"minecraft:climb_one_cm":10202,"minecraft:time_since_rest":8364,"minecraft:sprint_one_cm":118845,"minecraft:damage_taken":2250,"minecraft:walk_one_cm":149301,"minecraft:drop":1,"minecraft:damage_dealt":2430,"minecraft:fly_one_cm":41654,"minecraft:open_chest":9,"minecraft:crouch_one_cm":747,"minecraft:play_time":64296,"tombstone:undead_killed":1,"minecraft:deaths":6,"minecraft:sneak_time":1644,"minecraft:walk_under_water_one_cm":536,"minecraft:jump":553,"minecraft:walk_on_water_one_cm":901,"minecraft:interact_with_smoker":1,"minecraft:total_world_time":64296,"minecraft:fall_one_cm":18051}},"DataVersion":3465}