{"stats":{"minecraft:crafted":{"minecraft:crafting_table":2,"minecraft:purple_bed":1,"minecraft:spruce_planks":40,"minecraft:wooden_pickaxe":1,"minecraft:iron_sword":1,"minecraft:furnace":1,"minecraft:stone_axe":1,"minecraft:iron_boots":1,"minecraft:iron_leggings":1,"minecraft:iron_chestplate":1,"minecraft:iron_axe":1,"minecraft:stick":20,"minecraft:stone_pickaxe":1,"minecraft:iron_ingot":16,"minecraft:iron_pickaxe":1,"minecraft:wooden_axe":1,"minecraft:torch":88,"minecraft:shears":1},"minecraft:dropped":{"minecraft:cooked_beef":7,"tombstone:gift":1,"minecraft:torch":28,"minecraft:stone_bricks":2},"minecraft:killed":{"born_in_chaos_v1:swarmer":1,"minecraft:spider":3,"born_in_chaos_v1:maggot":3,"minecraft:zombie":1,"born_in_chaos_v1:dread_hound":1,"born_in_chaos_v1:corpse_fly":5,"minecraft:piglin_brute":3},"minecraft:mined":{"minecraft:dark_oak_planks":4,"minecraft:mossy_cobblestone":5,"minecraft:dark_oak_leaves":2,"minecraft:smoker":1,"minecraft:medium_amethyst_bud":1,"minecraft:dark_oak_log":209,"minecraft:torch":2,"minecraft:crafting_table":6,"minecraft:ladder":2,"minecraft:dark_oak_fence":1,"minecraft:spruce_fence":1,"minecraft:polished_andesite_stairs":1,"minecraft:chest":2,"minecraft:campfire":1,"minecraft:mushroom_stem":54,"minecraft:cobblestone":30,"minecraft:oak_planks":1,"minecraft:diorite":1,"minecraft:wall_torch":3,"minecraft:chiseled_stone_bricks":1,"minecraft:spawner":7,"minecraft:weeping_vines_plant":3,"minecraft:purple_wool":9,"minecraft:purple_bed":4,"minecraft:carrots":1,"minecraft:potatoes":1,"minecraft:furnace":1,"minecraft:iron_ore":3,"minecraft:vine":1,"minecraft:white_carpet":4,"minecraft:spruce_log":13,"minecraft:dark_oak_stairs":1,"minecraft:grass":1,"minecraft:oak_log":5,"minecraft:bookshelf":18,"minecraft:pointed_dripstone":2,"minecraft:coal_ore":1,"minecraft:water_cauldron":1,"minecraft:small_amethyst_bud":1,"minecraft:iron_bars":3,"minecraft:polished_andesite":3,"minecraft:stone":51,"irons_spellbooks:inscription_table":1,"minecraft:stone_bricks":2},"minecraft:broken":{"minecraft:stone_pickaxe":1,"minecraft:iron_axe":1,"minecraft:stone_axe":1},"minecraft:picked_up":{"minecraft:charcoal":6,"born_in_chaos_v1:corpse_maggot":6,"minecraft:crafting_table":6,"minecraft:cooked_beef":7,"minecraft:purple_wool":15,"minecraft:ladder":3,"minecraft:smoker":1,"minecraft:potato":3,"paraglider:spirit_orb":14,"minecraft:oak_log":5,"minecraft:string":4,"tombstone:gift":2,"minecraft:raw_copper":64,"minecraft:white_carpet":4,"minecraft:apple":1,"minecraft:stone_bricks":2,"minecraft:gold_nugget":4,"minecraft:spruce_wood":1,"minecraft:chest":2,"irons_spellbooks:inscription_table":1,"minecraft:furnace":1,"minecraft:book":54,"minecraft:polished_andesite_stairs":1,"minecraft:dark_oak_sapling":23,"minecraft:raw_iron":20,"minecraft:stick":18,"minecraft:carrot":4,"minecraft:chiseled_stone_bricks":1,"minecraft:torch":64,"born_in_chaos_v1:flaming_evil_pumpkin":1,"minecraft:spruce_fence":1,"pointblank:gunmetal_nugget":12,"minecraft:spruce_sapling":1,"tombstone:grave_dust":1,"minecraft:pointed_dripstone":2,"minecraft:diorite":1,"minecraft:polished_andesite":3,"minecraft:spruce_log":13,"minecraft:dark_oak_log":208,"minecraft:cauldron":2,"minecraft:mossy_cobblestone":5,"minecraft:dark_oak_planks":3,"minecraft:weeping_vines":6,"minecraft:rotten_flesh":2,"minecraft:purple_bed":4,"born_in_chaos_v1:fire_dust":2,"minecraft:gray_wool":2,"minecraft:emerald":3,"minecraft:dark_oak_fence":1,"minecraft:iron_bars":12,"minecraft:coal":61,"minecraft:snowball":16,"minecraft:white_wool":2,"minecraft:cobblestone":82},"minecraft:used":{"minecraft:leather_leggings":1,"minecraft:polished_andesite":3,"minecraft:stone_pickaxe":59,"minecraft:shield":8,"minecraft:leather_chestplate":1,"minecraft:chest":2,"minecraft:wooden_pickaxe":24,"minecraft:iron_sword":17,"minecraft:leather_boots":1,"minecraft:iron_chestplate":1,"minecraft:torch":111,"minecraft:crafting_table":8,"minecraft:dark_oak_planks":3,"minecraft:wooden_axe":26,"minecraft:apple":1,"minecraft:iron_boots":1,"minecraft:polished_andesite_stairs":1,"minecraft:iron_axe":240,"minecraft:bread":3,"minecraft:iron_pickaxe":52,"minecraft:iron_helmet":1,"minecraft:spruce_sapling":1,"minecraft:stone_axe":105,"minecraft:cobblestone":69,"minecraft:purple_bed":5,"minecraft:furnace":2,"tombstone:gift":3,"minecraft:cooked_beef":8,"minecraft:iron_leggings":1,"minecraft:dark_oak_sapling":17},"minecraft:custom":{"minecraft:interact_with_furnace":8,"minecraft:interact_with_anvil":1,"minecraft:mob_kills":18,"minecraft:interact_with_crafting_table":22,"minecraft:open_barrel":2,"minecraft:damage_dealt_resisted":10,"minecraft:time_since_death":18582,"minecraft:sleep_in_bed":4,"minecraft:climb_one_cm":10396,"minecraft:time_since_rest":14277,"minecraft:sprint_one_cm":230521,"minecraft:damage_taken":3698,"minecraft:walk_one_cm":213777,"minecraft:damage_blocked_by_shield":465,"minecraft:drop":6,"minecraft:damage_dealt":3169,"minecraft:fly_one_cm":54490,"minecraft:open_chest":51,"minecraft:crouch_one_cm":1087,"minecraft:play_time":88296,"tombstone:undead_killed":2,"minecraft:deaths":9,"minecraft:sneak_time":1976,"minecraft:walk_under_water_one_cm":536,"minecraft:jump":763,"minecraft:walk_on_water_one_cm":14641,"minecraft:interact_with_smoker":1,"minecraft:total_world_time":88296,"minecraft:fall_one_cm":23453}},"DataVersion":3465}