{"stats":{"minecraft:crafted":{"minecraft:crafting_table":2,"minecraft:purple_bed":1,"minecraft:spruce_planks":40,"minecraft:wooden_pickaxe":1,"minecraft:furnace":1,"minecraft:stone_axe":1,"minecraft:stick":20,"minecraft:stone_pickaxe":1,"minecraft:iron_ingot":5,"minecraft:iron_pickaxe":1,"minecraft:wooden_axe":1,"minecraft:torch":4},"minecraft:killed":{"born_in_chaos_v1:swarmer":1,"minecraft:spider":1,"born_in_chaos_v1:maggot":2,"born_in_chaos_v1:dread_hound":1,"born_in_chaos_v1:corpse_fly":5},"minecraft:mined":{"minecraft:dark_oak_planks":3,"minecraft:mossy_cobblestone":5,"minecraft:medium_amethyst_bud":1,"minecraft:dark_oak_log":49,"minecraft:crafting_table":5,"minecraft:ladder":2,"minecraft:dark_oak_fence":1,"minecraft:spruce_fence":1,"minecraft:chest":1,"minecraft:cobblestone":8,"minecraft:wall_torch":1,"minecraft:purple_wool":9,"minecraft:purple_bed":3,"minecraft:furnace":1,"minecraft:iron_ore":3,"minecraft:white_carpet":4,"minecraft:spruce_log":13,"minecraft:grass":1,"minecraft:oak_log":5,"minecraft:bookshelf":16,"minecraft:pointed_dripstone":1,"minecraft:coal_ore":1,"minecraft:water_cauldron":1,"minecraft:small_amethyst_bud":1,"minecraft:stone":50,"irons_spellbooks:inscription_table":1,"minecraft:stone_bricks":2},"minecraft:broken":{"minecraft:stone_pickaxe":1,"minecraft:stone_axe":1},"minecraft:picked_up":{"minecraft:charcoal":2,"born_in_chaos_v1:corpse_maggot":3,"minecraft:crafting_table":5,"minecraft:purple_wool":9,"minecraft:ladder":3,"minecraft:oak_log":5,"minecraft:string":2,"minecraft:white_carpet":4,"minecraft:stone_bricks":2,"minecraft:chest":1,"irons_spellbooks:inscription_table":1,"minecraft:furnace":1,"minecraft:book":48,"minecraft:dark_oak_sapling":2,"minecraft:raw_iron":16,"minecraft:stick":8,"minecraft:torch":1,"born_in_chaos_v1:flaming_evil_pumpkin":1,"minecraft:spruce_fence":1,"minecraft:spruce_sapling":1,"minecraft:pointed_dripstone":1,"minecraft:spruce_log":13,"minecraft:dark_oak_log":46,"minecraft:cauldron":1,"minecraft:mossy_cobblestone":5,"minecraft:dark_oak_planks":3,"minecraft:purple_bed":3,"born_in_chaos_v1:fire_dust":2,"minecraft:emerald":3,"minecraft:dark_oak_fence":1,"minecraft:coal":61,"minecraft:snowball":16,"minecraft:cobblestone":56},"minecraft:used":{"minecraft:stone_pickaxe":59,"minecraft:wooden_pickaxe":24,"minecraft:torch":5,"minecraft:crafting_table":7,"minecraft:wooden_axe":26,"minecraft:iron_pickaxe":3,"minecraft:spruce_sapling":1,"minecraft:stone_axe":103,"minecraft:cobblestone":7,"minecraft:purple_bed":3,"minecraft:furnace":2,"tombstone:gift":1},"minecraft:custom":{"minecraft:interact_with_furnace":5,"minecraft:mob_kills":10,"minecraft:interact_with_crafting_table":10,"minecraft:open_barrel":1,"minecraft:time_since_death":3226,"minecraft:sleep_in_bed":2,"minecraft:climb_one_cm":2836,"minecraft:time_since_rest":1811,"minecraft:sprint_one_cm":32970,"minecraft:damage_taken":906,"minecraft:walk_one_cm":85244,"minecraft:damage_dealt":1539,"minecraft:fly_one_cm":19545,"minecraft:open_chest":1,"minecraft:crouch_one_cm":286,"minecraft:play_time":40296,"tombstone:undead_killed":1,"minecraft:deaths":3,"minecraft:sneak_time":1297,"minecraft:walk_under_water_one_cm":536,"minecraft:jump":329,"minecraft:walk_on_water_one_cm":901,"minecraft:total_world_time":40296,"minecraft:fall_one_cm":11182}},"DataVersion":3465}